{
    "hips": "_1:Hips",
    "spine": "_1:Spine",
    "spine1": "_1:Spine1",
    "head": "_1:Head",
    "right_shoulder": "_1:RightShoulder",
    "right_arm": "_1:RightArm",
    "right_fore_arm": "_1:RightForeArm",
    "right_hand": "_1:RightHand",
    "left_shoulder": "_1:LeftShoulder",
    "left_arm": "_1:LeftArm",
    "left_fore_arm": "_1:LeftForeArm",
    "left_hand": "_1:LeftHand",
    "right_up_leg": "_1:RightUpLeg",
    "right_leg": "_1:RightLeg",
    "right_foot": "_1:RightFoot",
    "right_toe_base": "_1:RightToeBase",
    "left_up_leg": "_1:LeftUpLeg",
    "left_leg": "_1:LeftLeg",
    "left_foot": "_1:LeftFoot",
    "left_toe_base": "_1:LeftToeBase",
    "right_thumb_01": "_1:RightHandThumb1",
    "right_thumb_02": "_1:RightHandThumb2",
    "right_thumb_03": "_1:RightHandThumb3",
    "right_index_01": "_1:RightHandIndex1",
    "right_index_02": "_1:RightHandIndex2",
    "right_index_03": "_1:RightHandIndex3",
    "right_middle_01": "_1:RightHandMiddle1",
    "right_middle_02": "_1:RightHandMiddle2",
    "right_middle_03": "_1:RightHandMiddle3",
    "right_ring_01": "_1:RightHandRing1",
    "right_ring_02": "_1:RightHandRing2",
    "right_ring_03": "_1:RightHandRing3",
    "right_pinky_01": "_1:RightHandPinky1",
    "right_pinky_02": "_1:RightHandPinky2",
    "right_pinky_03": "_1:RightHandPinky3",
    "left_thumb_01": "_1:LeftHandThumb1",
    "left_thumb_02": "_1:LeftHandThumb2",
    "left_thumb_03": "_1:LeftHandThumb3",
    "left_index_01": "_1:LeftHandIndex1",
    "left_index_02": "_1:LeftHandIndex2",
    "left_index_03": "_1:LeftHandIndex3",
    "left_middle_01": "_1:LeftHandMiddle1",
    "left_middle_02": "_1:LeftHandMiddle2",
    "left_middle_03": "_1:LeftHandMiddle3",
    "left_ring_01": "_1:LeftHandRing1",
    "left_ring_02": "_1:LeftHandRing2",
    "left_ring_03": "_1:LeftHandRing3",
    "left_pinky_01": "_1:LeftHandPinky1",
    "left_pinky_02": "_1:LeftHandPinky2",
    "left_pinky_03": "_1:LeftHandPinky3"
}